{"poses": [{"nose": {"x": 94.61828805937436, "y": 64.69237525488741, "conf": 0.9915649890899658}, "l_eye": {"x": 98.85095063888984, "y": 54.950925427098426, "conf": 0.9871320724487305}, "r_eye": {"x": 88.26742195297075, "y": 57.36195880110546, "conf": 0.6617770791053772}, "l_ear": {"x": 119.47722923624647, "y": 51.29591195301343, "conf": 0.9561362862586975}, "r_ear": {"x": 94.79074222438939, "y": 60.56537978879867, "conf": 0.09636597335338593}, "l_shoulder": {"x": 147.1508509719765, "y": 94.28685463115733, "conf": 0.9488006830215454}, "r_shoulder": {"x": 110.14944393381532, "y": 106.97981805698846, "conf": 0.86491459608078}, "l_elbow": {"x": 208.68673155159306, "y": 75.14338710743894, "conf": 0.9750694036483765}, "r_elbow": {"x": 90.88012457417919, "y": 117.439178979525, "conf": 0.43201708793640137}, "l_wrist": {"x": 250.0558831307478, "y": 39.34990520887477, "conf": 0.7510979771614075}, "r_wrist": {"x": 49.10681470235189, "y": 104.54531060495684, "conf": 0.21196919679641724}, "l_hip": {"x": 163.86635559557124, "y": 209.07311746638308, "conf": 0.10025811195373535}, "r_hip": {"x": 140.89835377752564, "y": 208.2755846413233, "conf": 0.4714633524417877}, "l_knee": {"x": 136.17394759978131, "y": 300.9383921366866, "conf": 0.26822176575660706}, "r_knee": {"x": 174.06730444702038, "y": 300.54818987077283, "conf": 0.11347531527280807}, "l_ankle": {"x": 141.1469504876888, "y": 399.44564694230274, "conf": 0.37475937604904175}, "r_ankle": {"x": 212.8856567899823, "y": 388.9527231006212, "conf": 0.0365842804312706}, "neck": {"x": 128, "y": 100, "conf": 0.9068576395511627}}], "compute_time": "0.369", "metadata": {"width": 283, "height": 470, "pose_model_name": "PoseNet", "compute_time": "0.369"}}