{"poses": [{"nose": {"x": 349.8520222394589, "y": 189.5050746729304, "conf": 0.9995304346084595}, "l_eye": {"x": 355.688344208573, "y": 180.32708660362087, "conf": 0.9816593527793884}, "r_eye": {"x": 335.45403748332245, "y": 175.18779084835353, "conf": 0.9980208873748779}, "l_ear": {"x": 359.31696518349014, "y": 187.52921083357762, "conf": 0.04099763184785843}, "r_ear": {"x": 303.0292709755265, "y": 183.8684374001039, "conf": 0.9509901404380798}, "l_shoulder": {"x": 357.78386965556746, "y": 247.61386656885134, "conf": 0.13433706760406494}, "r_shoulder": {"x": 269.155006825273, "y": 229.27759385398193, "conf": 0.5854477286338806}, "l_elbow": {"x": 456.87832313097215, "y": 261.8506098206783, "conf": 0.3685419261455536}, "r_elbow": {"x": 199.73621291043048, "y": 191.74589676914846, "conf": 0.1242288276553154}, "l_wrist": {"x": 505.692176759336, "y": 224.57197018471297, "conf": 0.2022867053747177}, "r_wrist": {"x": 191.7116276447933, "y": 175.80560747011077, "conf": 0.49565353989601135}, "l_hip": {"x": 356.30613044345995, "y": 400.5727745466051, "conf": 0.0041022272780537605}, "r_hip": {"x": 283.9327503031762, "y": 387.22168897632093, "conf": 0.17624172568321228}, "l_knee": {"x": 460.3068209215185, "y": 426.91845517431227, "conf": 0.13984893262386322}, "r_knee": {"x": 202.22558841318497, "y": 378.19147102547686, "conf": 0.6659579873085022}, "l_ankle": {"x": 536.1779632806406, "y": 494.4617371583936, "conf": 0.06354282796382904}, "r_ankle": {"x": 216.57770641880364, "y": 487.8317419825642, "conf": 0.05105331167578697}, "neck": {"x": 313, "y": 238, "conf": 0.3598923981189728}}], "compute_time": "1.198", "metadata": {"width": 640, "height": 585, "pose_model_name": "PoseNet", "compute_time": "1.198"}}