{"poses": [{"nose": {"x": 134.60155539200684, "y": 106.22263180245979, "conf": 0.9802708625793457}, "l_eye": {"x": 137.7362113934811, "y": 94.7289341955207, "conf": 0.9228730797767639}, "r_eye": {"x": 130.29497407752777, "y": 99.50203940939959, "conf": 0.4913875162601471}, "l_ear": {"x": 166.46752059793917, "y": 94.2358489576168, "conf": 0.9918566942214966}, "r_ear": {"x": 133.82356750185244, "y": 105.39082902022928, "conf": 0.055526718497276306}, "l_shoulder": {"x": 189.8603731583212, "y": 123.33396834093759, "conf": 0.8111370205879211}, "r_shoulder": {"x": 155.72038146045722, "y": 140.2827267767926, "conf": 0.37284672260284424}, "l_elbow": {"x": 201.66075528225053, "y": 68.29823482945115, "conf": 0.04188236594200134}, "r_elbow": {"x": 116.49943988122672, "y": 107.16404498587029, "conf": 0.10834289342164993}, "l_wrist": {"x": 171.89702816544292, "y": 25.363037699639936, "conf": 0.4632702171802521}, "r_wrist": {"x": 97.73538749908732, "y": 60.813523673570735, "conf": 0.3912121057510376}, "l_hip": {"x": 196.16375348055473, "y": 235.67193270500482, "conf": 0.030253181234002113}, "r_hip": {"x": 179.1928943495884, "y": 233.5252477985056, "conf": 0.007926879450678825}, "l_knee": {"x": 154.8895293975545, "y": 303.23444574369296, "conf": 0.054707121104002}, "r_knee": {"x": 94.06179624183156, "y": 238.28564488364697, "conf": 0.03491057828068733}, "l_ankle": {"x": 166.64794466428668, "y": 391.95517905149393, "conf": 0.20621255040168762}, "r_ankle": {"x": 138.39781941208884, "y": 277.2910041456685, "conf": 0.10203417390584946}, "neck": {"x": 173, "y": 132, "conf": 0.5919918715953827}}], "compute_time": "0.433", "metadata": {"width": 327, "height": 436, "pose_model_name": "PoseNet", "compute_time": "0.433"}}