{"poses": [{"nose": {"x": 569.8184110067319, "y": 119.86902625815382, "conf": 0.9989535808563232}, "l_eye": {"x": 580.9805136224652, "y": 108.81672564227439, "conf": 0.9991614818572998}, "r_eye": {"x": 556.8522091925088, "y": 108.86226185813194, "conf": 0.9982506632804871}, "l_ear": {"x": 596.2796397444697, "y": 116.78704599070979, "conf": 0.8886037468910217}, "r_ear": {"x": 541.9339473116431, "y": 118.74455662276311, "conf": 0.9411327838897705}, "l_shoulder": {"x": 618.470138201398, "y": 191.56007961162086, "conf": 0.9523158073425293}, "r_shoulder": {"x": 518.2925866545635, "y": 187.4492028351465, "conf": 0.9130398035049438}, "l_elbow": {"x": 645.3673504405452, "y": 259.2032869844265, "conf": 0.942628026008606}, "r_elbow": {"x": 491.0161243591593, "y": 258.79876825911987, "conf": 0.4377700686454773}, "l_wrist": {"x": 592.857768413405, "y": 220.7301201469855, "conf": 0.6972106099128723}, "r_wrist": {"x": 553.9919729312779, "y": 218.91560796560427, "conf": 0.5575107336044312}, "l_hip": {"x": 600.4273797681369, "y": 337.3305280793887, "conf": 0.43045493960380554}, "r_hip": {"x": 535.5047721542827, "y": 321.4554496479431, "conf": 0.4200088381767273}, "l_knee": {"x": 598.4858032041693, "y": 465.4334768012228, "conf": 0.1771252155303955}, "r_knee": {"x": 533.1666274528468, "y": 375.7452157664729, "conf": 0.4506824314594269}, "l_ankle": {"x": 574.1798840831177, "y": 581.4237692485074, "conf": 0.46856924891471863}, "r_ankle": {"x": 567.7488942426271, "y": 515.1108433833234, "conf": 0.03741321340203285}, "neck": {"x": 568, "y": 189, "conf": 0.9326778054237366}}], "compute_time": "1.846", "metadata": {"width": 1080, "height": 720, "pose_model_name": "PoseNet", "compute_time": "1.846"}}