{"poses": [{"nose": {"x": 543.4897436477931, "y": 76.64881046205221, "conf": 0.9991227984428406}, "l_eye": {"x": 556.6254904285726, "y": 63.453472073961066, "conf": 0.9963685274124146}, "r_eye": {"x": 530.7338887336425, "y": 65.04466280361815, "conf": 0.9988622665405273}, "l_ear": {"x": 572.4708418121764, "y": 76.32395142490424, "conf": 0.9190433025360107}, "r_ear": {"x": 514.549749064201, "y": 76.10206254808317, "conf": 0.8410072326660156}, "l_shoulder": {"x": 604.1768827553897, "y": 145.60687362734387, "conf": 0.37932875752449036}, "r_shoulder": {"x": 492.7775990218618, "y": 160.47197318110156, "conf": 0.9341588020324707}, "l_elbow": {"x": 677.0630692635756, "y": 185.83641062827778, "conf": 0.22810706496238708}, "r_elbow": {"x": 440.7776014713739, "y": 219.02739547327388, "conf": 0.4095398187637329}, "l_wrist": {"x": 760.9269845896754, "y": 229.10279833493385, "conf": 0.6267012357711792}, "r_wrist": {"x": 380.7569468587998, "y": 275.63745961605923, "conf": 0.4089697599411011}, "l_hip": {"x": 584.2762914730473, "y": 334.0874312291033, "conf": 0.9292315244674683}, "r_hip": {"x": 512.452217379354, "y": 333.8573068917707, "conf": 0.9041095972061157}, "l_knee": {"x": 578.7252208926582, "y": 461.60154357201185, "conf": 0.9590843319892883}, "r_knee": {"x": 524.6397271916228, "y": 464.0965177612728, "conf": 0.07916195690631866}, "l_ankle": {"x": 592.3373332739098, "y": 594.3510585155302, "conf": 0.23919937014579773}, "r_ankle": {"x": 554.8282850821887, "y": 572.830248341977, "conf": 0.09907100349664688}, "neck": {"x": 548, "y": 153, "conf": 0.6567437797784805}}, {"nose": {"x": 851.753844006086, "y": 126.90866790432871, "conf": 0.13386306166648865}, "l_eye": {"x": 851.9700400316037, "y": 126.0702260026654, "conf": 0.15890662372112274}, "r_eye": {"x": 852.0983771486806, "y": 125.58002717947993, "conf": 0.1355455219745636}, "l_ear": {"x": 848.3142222807103, "y": 127.25042046852482, "conf": 0.11432472616434097}, "r_ear": {"x": 851.9908010193042, "y": 127.41532514892239, "conf": 0.13501274585723877}, "l_shoulder": {"x": 848.5663130121151, "y": 133.5630899924015, "conf": 0.6534348726272583}, "r_shoulder": {"x": 850.9254749934471, "y": 133.24988583420583, "conf": 0.34135305881500244}, "l_elbow": {"x": 845.1019394119987, "y": 140.71517722120564, "conf": 0.41315266489982605}, "r_elbow": {"x": 854.268098281903, "y": 140.78663763821373, "conf": 0.40121591091156006}, "l_wrist": {"x": 848.1534550818792, "y": 142.97981416302812, "conf": 0.26053526997566223}, "r_wrist": {"x": 856.6977022211904, "y": 141.69828097466456, "conf": 0.2155025154352188}, "l_hip": {"x": 844.3001249585325, "y": 154.78463605438952, "conf": 0.501695454120636}, "r_hip": {"x": 844.0342256451808, "y": 153.72124787011853, "conf": 0.45458248257637024}, "l_knee": {"x": 850.9022925484436, "y": 175.45090589377818, "conf": 0.3740343153476715}, "r_knee": {"x": 849.1702655710467, "y": 174.18754101460917, "conf": 0.42633384466171265}, "l_ankle": {"x": 848.7528322971766, "y": 192.40307292065245, "conf": 0.38220083713531494}, "r_ankle": {"x": 848.355688822125, "y": 193.18704292942846, "conf": 0.3949814438819885}, "neck": {"x": 849, "y": 133, "conf": 0.49739396572113037}}], "compute_time": "1.981", "metadata": {"width": 1080, "height": 720, "pose_model_name": "PoseNet", "compute_time": "1.981"}}