{"poses": [{"nose": {"x": 397.4099739962231, "y": 213.40792897856045, "conf": 0.9958439469337463}, "l_eye": {"x": 420.1779410433907, "y": 186.5888131979161, "conf": 0.9967285394668579}, "r_eye": {"x": 370.08680440649135, "y": 186.31089198745576, "conf": 0.9982549548149109}, "l_ear": {"x": 450.25032821611177, "y": 210.15795304762372, "conf": 0.9339643120765686}, "r_ear": {"x": 338.8236019079396, "y": 210.67194416602027, "conf": 0.8540738821029663}, "l_shoulder": {"x": 482.43455296141565, "y": 339.51327140825754, "conf": 0.6829856634140015}, "r_shoulder": {"x": 302.27748100468193, "y": 351.55549501582306, "conf": 0.4207271933555603}, "l_elbow": {"x": 606.8238230148493, "y": 469.54951341462856, "conf": 0.7456582188606262}, "r_elbow": {"x": 151.37328703996076, "y": 446.1740702597472, "conf": 0.5338828563690186}, "l_wrist": {"x": 513.7443517916465, "y": 556.2242472640532, "conf": 0.08812166750431061}, "r_wrist": {"x": 197.67548921397656, "y": 529.1096846875358, "conf": 0.7400320172309875}, "l_hip": {"x": 470.00469520216046, "y": 640.4533109760506, "conf": 0.02452951669692993}, "r_hip": {"x": 322.25653156434873, "y": 642.3807975045515, "conf": 0.013050501234829426}, "l_knee": {"x": 648.9298607445866, "y": 770.697856482489, "conf": 0.007813130505383015}, "r_knee": {"x": 402.3517363178937, "y": 883.4220662701563, "conf": 0.0017919291276484728}, "l_ankle": {"x": 535.5974232756333, "y": 852.3500220446562, "conf": 0.002995059359818697}, "r_ankle": {"x": 427.6114257525847, "y": 1115.0602421580413, "conf": 0.009679674170911312}, "neck": {"x": 392, "y": 345, "conf": 0.5518564283847809}}], "compute_time": "3.001", "metadata": {"width": 866, "height": 1300, "pose_model_name": "PoseNet", "compute_time": "3.001"}}