{"poses": [{"nose": {"x": 555.6511639704353, "y": 133.14435622893822, "conf": 0.9982802867889404}, "l_eye": {"x": 566.7059496286753, "y": 116.79102777277382, "conf": 0.9995129108428955}, "r_eye": {"x": 540.2391642937566, "y": 120.44180194151055, "conf": 0.998977780342102}, "l_ear": {"x": 584.4472666844406, "y": 121.25972816583683, "conf": 0.9559745788574219}, "r_ear": {"x": 526.5179611874427, "y": 133.57300397261832, "conf": 0.9097651839256287}, "l_shoulder": {"x": 615.0880670325287, "y": 176.04792368726163, "conf": 0.06002617999911308}, "r_shoulder": {"x": 523.8503913843842, "y": 216.7338309109459, "conf": 0.9065303206443787}, "l_elbow": {"x": 719.8570529479127, "y": 180.89847707550007, "conf": 0.725734293460846}, "r_elbow": {"x": 452.9793225419043, "y": 253.28347702132183, "conf": 0.26148438453674316}, "l_wrist": {"x": 805.2749649254051, "y": 155.5445502568217, "conf": 0.7771845459938049}, "r_wrist": {"x": 367.17015509058797, "y": 243.38003647972243, "conf": 0.863744854927063}, "l_hip": {"x": 653.557022606671, "y": 332.83297048031704, "conf": 0.09710375219583511}, "r_hip": {"x": 580.9627832659804, "y": 355.1204265536283, "conf": 0.27840468287467957}, "l_knee": {"x": 647.7472183355525, "y": 416.5366070015917, "conf": 0.009345298632979393}, "r_knee": {"x": 569.6407664388779, "y": 486.280962961226, "conf": 0.006253384985029697}, "l_ankle": {"x": 633.8923617289206, "y": 529.2074678079762, "conf": 0.15224462747573853}, "r_ankle": {"x": 621.9578612683981, "y": 583.9099307331397, "conf": 0.18365280330181122}, "neck": {"x": 569, "y": 196, "conf": 0.4832782503217459}}], "compute_time": "1.903", "metadata": {"width": 1080, "height": 720, "pose_model_name": "PoseNet", "compute_time": "1.903"}}