{"poses": [{"nose": {"x": 567.3555466757682, "y": 85.5991937052691, "conf": 0.9989346861839294}, "l_eye": {"x": 578.9506944316853, "y": 75.77474787231954, "conf": 0.999175488948822}, "r_eye": {"x": 554.4356454385293, "y": 75.42941756122816, "conf": 0.9982752799987793}, "l_ear": {"x": 592.9258535870413, "y": 84.05472653583415, "conf": 0.8670932650566101}, "r_ear": {"x": 537.5500520277778, "y": 85.32776778349434, "conf": 0.9466578960418701}, "l_shoulder": {"x": 624.6260991589776, "y": 160.1307220300259, "conf": 0.9604374766349792}, "r_shoulder": {"x": 515.8677629966771, "y": 161.37785193328222, "conf": 0.9254860877990723}, "l_elbow": {"x": 641.8945842309189, "y": 235.21318623493846, "conf": 0.9527948498725891}, "r_elbow": {"x": 503.6182755881787, "y": 239.72959962202012, "conf": 0.9756834506988525}, "l_wrist": {"x": 657.3971385635845, "y": 316.7551887713259, "conf": 0.8414912819862366}, "r_wrist": {"x": 493.55050141191435, "y": 324.0783950128436, "conf": 0.8894630670547485}, "l_hip": {"x": 609.2646024833742, "y": 329.5721733421294, "conf": 0.882710337638855}, "r_hip": {"x": 535.1478579148775, "y": 335.8321066934424, "conf": 0.8947901129722595}, "l_knee": {"x": 599.404150935277, "y": 454.4956290870698, "conf": 0.9451491832733154}, "r_knee": {"x": 555.5755908891406, "y": 456.8227197591541, "conf": 0.9094598293304443}, "l_ankle": {"x": 604.165691809463, "y": 582.6096093737302, "conf": 0.39819762110710144}, "r_ankle": {"x": 564.7296437923861, "y": 564.9629050584176, "conf": 0.10123024880886078}, "neck": {"x": 570, "y": 161, "conf": 0.9429617822170258}}, {"nose": {"x": 852.6089232610078, "y": 132.75619009496765, "conf": 0.11890200525522232}, "l_eye": {"x": 851.592920944164, "y": 131.71811446402836, "conf": 0.1253572404384613}, "r_eye": {"x": 852.0524137351185, "y": 130.7700710587627, "conf": 0.07654441893100739}, "l_ear": {"x": 850.6210833760143, "y": 132.23849271438323, "conf": 0.0915825217962265}, "r_ear": {"x": 852.0649052199535, "y": 132.31437609033676, "conf": 0.11486531049013138}, "l_shoulder": {"x": 851.1613790009028, "y": 138.8058798653739, "conf": 0.4509747326374054}, "r_shoulder": {"x": 845.7585360197296, "y": 138.5066909895856, "conf": 0.2141847461462021}, "l_elbow": {"x": 855.3311795912829, "y": 141.8155152192559, "conf": 0.4285070300102234}, "r_elbow": {"x": 840.2826641612484, "y": 144.30480279803442, "conf": 0.21811720728874207}, "l_wrist": {"x": 854.4303314816918, "y": 144.9121363450684, "conf": 0.28002867102622986}, "r_wrist": {"x": 845.5308909562849, "y": 147.351993661317, "conf": 0.179193377494812}, "l_hip": {"x": 845.3789960749218, "y": 157.24683970584948, "conf": 0.617816150188446}, "r_hip": {"x": 842.6462594216267, "y": 154.43659725533115, "conf": 0.45679494738578796}, "l_knee": {"x": 846.0192677336992, "y": 175.62693606467914, "conf": 0.7198330163955688}, "r_knee": {"x": 844.8032735733927, "y": 177.80236867198334, "conf": 0.40645742416381836}, "l_ankle": {"x": 850.6070228214032, "y": 191.6870342709651, "conf": 0.5214830636978149}, "r_ankle": {"x": 847.6157550154061, "y": 192.07713064307478, "conf": 0.5672580003738403}, "neck": {"x": 848, "y": 138, "conf": 0.33257973939180374}}], "compute_time": "2.185", "metadata": {"width": 1080, "height": 720, "pose_model_name": "PoseNet", "compute_time": "2.185"}}