{"poses": [{"nose": {"x": 586.0957755224791, "y": 87.01534340021183, "conf": 0.9974268078804016}, "l_eye": {"x": 598.7727227970915, "y": 77.45541036873023, "conf": 0.9989951252937317}, "r_eye": {"x": 576.3489881232866, "y": 72.19190541980336, "conf": 0.9967791438102722}, "l_ear": {"x": 612.2409482282228, "y": 85.0084576229778, "conf": 0.39143264293670654}, "r_ear": {"x": 556.703895682613, "y": 73.23981170019395, "conf": 0.9662085175514221}, "l_shoulder": {"x": 623.9695284684351, "y": 161.15395157082568, "conf": 0.8869260549545288}, "r_shoulder": {"x": 515.3724240945636, "y": 136.76481656988517, "conf": 0.7794131636619568}, "l_elbow": {"x": 691.1190846470729, "y": 204.8489371417465, "conf": 0.345737099647522}, "r_elbow": {"x": 424.3017492089889, "y": 106.45842902703357, "conf": 0.08615759760141373}, "l_wrist": {"x": 773.0062651834194, "y": 249.58677950579977, "conf": 0.783102810382843}, "r_wrist": {"x": 358.6905842947271, "y": 47.1367436804487, "conf": 0.10948941856622696}, "l_hip": {"x": 591.483827468289, "y": 333.9919880987371, "conf": 0.23107126355171204}, "r_hip": {"x": 512.9579932291932, "y": 324.9159363470197, "conf": 0.22761349380016327}, "l_knee": {"x": 597.0382848012591, "y": 457.73606637645196, "conf": 0.9536058902740479}, "r_knee": {"x": 530.9417334251724, "y": 463.6581455553454, "conf": 0.944271445274353}, "l_ankle": {"x": 601.7045893673572, "y": 580.4259428534858, "conf": 0.4252842366695404}, "r_ankle": {"x": 531.5048738066992, "y": 588.43269231746, "conf": 0.3844493627548218}, "neck": {"x": 569, "y": 149, "conf": 0.8331696093082428}}], "compute_time": "1.982", "metadata": {"width": 1080, "height": 720, "pose_model_name": "PoseNet", "compute_time": "1.982"}}