{"poses": [{"nose": {"x": 529.3393339048672, "y": 119.19268805177136, "conf": 0.9976851940155029}, "l_eye": {"x": 543.1686239251442, "y": 105.76823743801673, "conf": 0.9983956217765808}, "r_eye": {"x": 518.5937595011915, "y": 106.4048202027891, "conf": 0.9985501170158386}, "l_ear": {"x": 559.977136738147, "y": 109.53604300045272, "conf": 0.942448079586029}, "r_ear": {"x": 503.4505011495428, "y": 107.54373510733723, "conf": 0.9025151133537292}, "l_shoulder": {"x": 592.8322680598648, "y": 173.3361710589405, "conf": 0.17846998572349548}, "r_shoulder": {"x": 476.6878720698574, "y": 179.4503250333704, "conf": 0.9733220338821411}, "l_elbow": {"x": 670.6664061390786, "y": 183.15534943515814, "conf": 0.636083722114563}, "r_elbow": {"x": 414.7587716990503, "y": 229.63110776946218, "conf": 0.6574667692184448}, "l_wrist": {"x": 668.613933765877, "y": 136.7505412954894, "conf": 0.881303608417511}, "r_wrist": {"x": 393.2613072568639, "y": 168.79787090581928, "conf": 0.5170087218284607}, "l_hip": {"x": 587.6614458274307, "y": 334.7707173761481, "conf": 0.8794419169425964}, "r_hip": {"x": 511.3294675032446, "y": 335.4978365474865, "conf": 0.8287941217422485}, "l_knee": {"x": 574.729531493458, "y": 476.1026232715453, "conf": 0.09506070613861084}, "r_knee": {"x": 512.4185480720399, "y": 457.70062508761634, "conf": 0.8921522498130798}, "l_ankle": {"x": 546.5244601801635, "y": 595.2299038150275, "conf": 0.0713268369436264}, "r_ankle": {"x": 525.2826980775689, "y": 604.3325223671415, "conf": 0.4822615683078766}, "neck": {"x": 535, "y": 176, "conf": 0.5758960098028183}}], "compute_time": "1.836", "metadata": {"width": 1080, "height": 720, "pose_model_name": "PoseNet", "compute_time": "1.836"}}