{"poses": [{"nose": {"x": 528.1404952434102, "y": 157.0637424908134, "conf": 0.9985242486000061}, "l_eye": {"x": 538.2598359853667, "y": 139.45027286566577, "conf": 0.9965862035751343}, "r_eye": {"x": 514.696716080174, "y": 146.4094331823341, "conf": 0.9908509850502014}, "l_ear": {"x": 556.7297044026996, "y": 136.0019081740042, "conf": 0.9419216513633728}, "r_ear": {"x": 506.46026614883294, "y": 154.0247528033845, "conf": 0.2516064941883087}, "l_shoulder": {"x": 593.2931447806807, "y": 187.84714819158165, "conf": 0.3383144438266754}, "r_shoulder": {"x": 526.4604557460418, "y": 230.78288180156818, "conf": 0.611272394657135}, "l_elbow": {"x": 674.5698265082793, "y": 211.36527062785112, "conf": 0.8458249568939209}, "r_elbow": {"x": 498.52093194426493, "y": 322.3532438873418, "conf": 0.288577139377594}, "l_wrist": {"x": 761.5779998829069, "y": 203.01746405444098, "conf": 0.62093186378479}, "r_wrist": {"x": 431.5204425538019, "y": 332.63430231652546, "conf": 0.02992744743824005}, "l_hip": {"x": 655.3244030286747, "y": 346.8276011431267, "conf": 0.525189995765686}, "r_hip": {"x": 594.4820785166944, "y": 367.7721224082492, "conf": 0.11398623138666153}, "l_knee": {"x": 644.2874500758161, "y": 452.64359187153934, "conf": 0.9377818703651428}, "r_knee": {"x": 552.1478046797639, "y": 465.90563177566423, "conf": 0.8061986565589905}, "l_ankle": {"x": 655.5128224275985, "y": 591.4172755861746, "conf": 0.6418729424476624}, "r_ankle": {"x": 604.0816342086293, "y": 567.186856527765, "conf": 0.8567115664482117}, "neck": {"x": 560, "y": 209, "conf": 0.4747934192419052}}], "compute_time": "1.874", "metadata": {"width": 1080, "height": 720, "pose_model_name": "PoseNet", "compute_time": "1.874"}}