{"poses": [{"nose": {"x": 275.6559277426433, "y": 148.25032046431457, "conf": 0.9900702834129333}, "l_eye": {"x": 278.398140695882, "y": 136.88688184782777, "conf": 0.5669366717338562}, "r_eye": {"x": 267.4890994555845, "y": 133.88229601564464, "conf": 0.994140088558197}, "l_ear": {"x": 276.60290587476914, "y": 136.12827143938688, "conf": 0.009447630494832993}, "r_ear": {"x": 227.60237005543829, "y": 122.99113569203874, "conf": 0.9947197437286377}, "l_shoulder": {"x": 252.59866614881997, "y": 194.46570974112024, "conf": 0.06974448263645172}, "r_shoulder": {"x": 171.87519069728006, "y": 163.88705444150037, "conf": 0.20895662903785706}, "l_elbow": {"x": 354.0631469200398, "y": 266.5713853352716, "conf": 0.6445472836494446}, "r_elbow": {"x": 96.5882790852063, "y": 85.32362147846186, "conf": 0.00014071633631829172}, "l_wrist": {"x": 439.02347861604744, "y": 241.44329150982537, "conf": 0.31772658228874207}, "r_wrist": {"x": 187.7543890816825, "y": 61.556670540257514, "conf": 0.010494789108633995}, "l_hip": {"x": 244.28804417314203, "y": 347.10068561412675, "conf": 0.0396716371178627}, "r_hip": {"x": 144.5849140148445, "y": 338.67640655175524, "conf": 0.0094767389819026}, "l_knee": {"x": 372.49055017743797, "y": 339.68908208155494, "conf": 0.03752356395125389}, "r_knee": {"x": 108.5998945001311, "y": 333.03721437212556, "conf": 0.24010780453681946}, "l_ankle": {"x": 468.04236072859743, "y": 423.96427229831096, "conf": 0.0068375831469893456}, "r_ankle": {"x": 114.87935581113318, "y": 429.7963665893436, "conf": 0.1215846836566925}, "neck": {"x": 212, "y": 179, "conf": 0.1393505558371544}}], "compute_time": "0.989", "metadata": {"width": 612, "height": 515, "pose_model_name": "PoseNet", "compute_time": "0.989"}}