{"poses": [{"nose": {"x": 226.81924434375603, "y": 230.83242397244558, "conf": 0.9971091151237488}, "l_eye": {"x": 242.97129951078213, "y": 217.868553914354, "conf": 0.9990019202232361}, "r_eye": {"x": 211.2688836520679, "y": 210.30775464099386, "conf": 0.982611894607544}, "l_ear": {"x": 255.287032585723, "y": 230.34619360065778, "conf": 0.09000659734010696}, "r_ear": {"x": 174.54163702503223, "y": 214.2964949974647, "conf": 0.3514968156814575}, "l_shoulder": {"x": 252.71707023376158, "y": 308.4107319248161, "conf": 0.7951224446296692}, "r_shoulder": {"x": 155.4874728944209, "y": 285.0297557869085, "conf": 0.266792893409729}, "l_elbow": {"x": 329.66180064826955, "y": 392.5217676322197, "conf": 0.30346113443374634}, "r_elbow": {"x": 112.13806081582081, "y": 198.86573230143773, "conf": 0.0007499458151869476}, "l_wrist": {"x": 396.8935149516062, "y": 446.3860170498341, "conf": 0.4163364768028259}, "r_wrist": {"x": 150.07337920782336, "y": 77.69102268793112, "conf": 0.15111277997493744}, "l_hip": {"x": 240.35721082510474, "y": 495.19317827894537, "conf": 0.18283399939537048}, "r_hip": {"x": 173.26780418923494, "y": 498.61884707192513, "conf": 0.2827989161014557}, "l_knee": {"x": 281.8003450236071, "y": 657.1120463087407, "conf": 0.0032936884090304375}, "r_knee": {"x": 181.93298584293154, "y": 674.4858320740154, "conf": 0.521872341632843}, "l_ankle": {"x": 373.43677565782104, "y": 792.1018262371969, "conf": 0.007122936192899942}, "r_ankle": {"x": 187.2676859014553, "y": 828.5674985037201, "conf": 0.08486773818731308}, "neck": {"x": 204, "y": 296, "conf": 0.5309576690196991}}], "compute_time": "1.484", "metadata": {"width": 600, "height": 900, "pose_model_name": "PoseNet", "compute_time": "1.484"}}