{"poses": [{"nose": {"x": 113.18328380584717, "y": 42.673391342163086, "conf": 0.7743105292320251}, "l_eye": {"x": 118.97236776351929, "y": 40.150970458984375, "conf": 0.7547244429588318}, "r_eye": {"x": 114.08514523506165, "y": 39.732858657836914, "conf": 0.8533449769020081}, "l_ear": {"x": 118.0368881225586, "y": 42.53973579406738, "conf": 0.5349960327148438}, "r_ear": {"x": 109.07623934745789, "y": 43.87073373794556, "conf": 0.7170809507369995}, "l_shoulder": {"x": 128.93747264146805, "y": 56.419939041137695, "conf": 0.9854459762573242}, "r_shoulder": {"x": 101.68363666534424, "y": 59.69289302825928, "conf": 0.870004415512085}, "l_elbow": {"x": 152.97467136383057, "y": 50.53728103637695, "conf": 0.515140950679779}, "r_elbow": {"x": 79.57582974433899, "y": 48.83854866027832, "conf": 0.6303412914276123}, "l_wrist": {"x": 142.65247631072998, "y": 38.860639572143555, "conf": 0.493643581867218}, "r_wrist": {"x": 77.94481468200684, "y": 28.89766025543213, "conf": 0.19436515867710114}, "l_hip": {"x": 126.81513953208923, "y": 106.87001419067383, "conf": 0.6739760637283325}, "r_hip": {"x": 108.25171208381653, "y": 107.15440940856934, "conf": 0.36784207820892334}, "l_knee": {"x": 123.94548320770264, "y": 143.62823104858398, "conf": 0.798263669013977}, "r_knee": {"x": 85.29829692840576, "y": 132.71126985549927, "conf": 0.6971250772476196}, "l_ankle": {"x": 114.90939807891846, "y": 173.23311233520508, "conf": 0.8835228085517883}, "r_ankle": {"x": 92.9646987915039, "y": 153.99698543548584, "conf": 0.6472120881080627}, "neck": {"x": 115, "y": 58, "conf": 0.9277251958847046}}], "compute_time": "0.193", "metadata": {"width": 225, "height": 225, "pose_model_name": "PoseNet", "compute_time": "0.193"}}