{"poses": [{"nose": {"x": 215.64454475878708, "y": 166.8145747731629, "conf": 0.9902220964431763}, "l_eye": {"x": 222.4656024449308, "y": 155.8730074577408, "conf": 0.9970453381538391}, "r_eye": {"x": 213.2748765964623, "y": 160.38259318177128, "conf": 0.9241856932640076}, "l_ear": {"x": 248.078682053257, "y": 153.89145116211182, "conf": 0.9814494252204895}, "r_ear": {"x": 212.60127982862997, "y": 165.6655229073415, "conf": 0.039176784455776215}, "l_shoulder": {"x": 278.86210504911793, "y": 182.01711240188936, "conf": 0.8172721266746521}, "r_shoulder": {"x": 223.51945382008847, "y": 206.299482456875, "conf": 0.6529185175895691}, "l_elbow": {"x": 316.3860434257768, "y": 142.46404986506255, "conf": 0.060801710933446884}, "r_elbow": {"x": 170.26732769050827, "y": 251.6028761144135, "conf": 0.9172771573066711}, "l_wrist": {"x": 313.34127506739657, "y": 94.37617881437183, "conf": 0.0010688845068216324}, "r_wrist": {"x": 122.1511013790875, "y": 275.530462773513, "conf": 0.9158340096473694}, "l_hip": {"x": 308.2618051371584, "y": 305.3693291646854, "conf": 0.004540000576525927}, "r_hip": {"x": 266.9071239724725, "y": 292.8217699829961, "conf": 0.09958649426698685}, "l_knee": {"x": 292.85919306503695, "y": 388.9072464265574, "conf": 0.3944891095161438}, "r_knee": {"x": 222.22476322166395, "y": 374.85347763153624, "conf": 0.08530858904123306}, "l_ankle": {"x": 272.2515052473041, "y": 457.1468873283033, "conf": 0.5126373767852783}, "r_ankle": {"x": 175.22889219779123, "y": 442.89977545709434, "conf": 0.002046138746663928}, "neck": {"x": 251, "y": 194, "conf": 0.7350953221321106}}], "compute_time": "0.762", "metadata": {"width": 500, "height": 500, "pose_model_name": "PoseNet", "compute_time": "0.762"}}