{"poses": [{"nose": {"x": 576.7605151579075, "y": 111.79171896840597, "conf": 0.9994103908538818}, "l_eye": {"x": 587.9916428053145, "y": 98.08198333613254, "conf": 0.9930384755134583}, "r_eye": {"x": 563.20367760005, "y": 98.96361426407685, "conf": 0.9964860677719116}, "l_ear": {"x": 603.1098548341664, "y": 103.51213410228036, "conf": 0.8887823820114136}, "r_ear": {"x": 547.0222134603481, "y": 104.68331467923443, "conf": 0.9045030474662781}, "l_shoulder": {"x": 617.5249186655349, "y": 165.3251017280822, "conf": 0.9282156825065613}, "r_shoulder": {"x": 536.8490938327075, "y": 156.55686906240518, "conf": 0.6953601837158203}, "l_elbow": {"x": 694.0341360015726, "y": 168.54615294817583, "conf": 0.10822870582342148}, "r_elbow": {"x": 484.7975445949131, "y": 174.8252770771762, "conf": 0.9384856224060059}, "l_wrist": {"x": 614.6764742450412, "y": 159.69308099204392, "conf": 0.0031301856506615877}, "r_wrist": {"x": 497.820822297138, "y": 93.6355451142077, "conf": 0.20558065176010132}, "l_hip": {"x": 622.2157694486847, "y": 322.80178244666155, "conf": 0.6647040843963623}, "r_hip": {"x": 551.8495688745048, "y": 320.1617096928717, "conf": 0.6319918036460876}, "l_knee": {"x": 617.0812927132328, "y": 449.958400805681, "conf": 0.9599360823631287}, "r_knee": {"x": 562.3402611696042, "y": 451.76919691109623, "conf": 0.9246957898139954}, "l_ankle": {"x": 618.6862289983317, "y": 566.2741979845023, "conf": 0.6233325004577637}, "r_ankle": {"x": 568.7063054158547, "y": 572.6699999466683, "conf": 0.7127118110656738}, "neck": {"x": 577, "y": 161, "conf": 0.8117879331111908}}], "compute_time": "1.975", "metadata": {"width": 1080, "height": 720, "pose_model_name": "PoseNet", "compute_time": "1.975"}}