{"poses": [{"nose": {"x": 519.2409812859697, "y": 236.89335160381088, "conf": 0.9987277388572693}, "l_eye": {"x": 530.4626176030638, "y": 220.0231757408703, "conf": 0.9982796907424927}, "r_eye": {"x": 508.0802286437817, "y": 226.03992985951587, "conf": 0.9672093987464905}, "l_ear": {"x": 559.5396584389039, "y": 218.52709089006697, "conf": 0.9518148303031921}, "r_ear": {"x": 502.2176809746421, "y": 233.10726969979507, "conf": 0.05617164447903633}, "l_shoulder": {"x": 601.1839111342346, "y": 268.49556635884403, "conf": 0.37200871109962463}, "r_shoulder": {"x": 525.0366806072935, "y": 294.4022023363682, "conf": 0.4917653501033783}, "l_elbow": {"x": 648.8505547977671, "y": 337.9520336897132, "conf": 0.3610100746154785}, "r_elbow": {"x": 523.5177452322043, "y": 361.7612033478926, "conf": 0.9489388465881348}, "l_wrist": {"x": 570.804398279821, "y": 321.56164447080744, "conf": 0.009391662664711475}, "r_wrist": {"x": 505.04730615678056, "y": 300.74407357944693, "conf": 0.13633950054645538}, "l_hip": {"x": 644.3041467444427, "y": 392.6385637725111, "conf": 0.0012656087055802345}, "r_hip": {"x": 590.6398284713019, "y": 412.0611900297845, "conf": 0.001846967963501811}, "l_knee": {"x": 647.0236949085189, "y": 454.35471914346937, "conf": 0.31654277443885803}, "r_knee": {"x": 555.300438659611, "y": 465.6190825103887, "conf": 0.5924004316329956}, "l_ankle": {"x": 685.7681713122023, "y": 608.9396489708168, "conf": 0.6467553377151489}, "r_ankle": {"x": 607.6427787503458, "y": 578.5260128280491, "conf": 0.7400618195533752}, "neck": {"x": 563, "y": 281, "conf": 0.43188703060150146}}], "compute_time": "1.857", "metadata": {"width": 1080, "height": 720, "pose_model_name": "PoseNet", "compute_time": "1.857"}}