{"poses": [{"nose": {"x": 568.0900858677334, "y": 87.65106190590191, "conf": 0.9996157884597778}, "l_eye": {"x": 572.7675033882191, "y": 74.8040996874255, "conf": 0.9921419620513916}, "r_eye": {"x": 555.9120977424842, "y": 74.16790976769055, "conf": 0.9948107004165649}, "l_ear": {"x": 579.3073115833207, "y": 79.82320050095387, "conf": 0.07395445555448532}, "r_ear": {"x": 521.984250156655, "y": 75.39055590160015, "conf": 0.9880064129829407}, "l_shoulder": {"x": 594.7189740965773, "y": 150.35749057129584, "conf": 0.7183364033699036}, "r_shoulder": {"x": 494.3556500636631, "y": 150.50193278700237, "conf": 0.363602876663208}, "l_elbow": {"x": 665.6780749887145, "y": 155.50527194336615, "conf": 0.9094960689544678}, "r_elbow": {"x": 479.0923152187664, "y": 233.20140679897779, "conf": 0.9261559247970581}, "l_wrist": {"x": 637.907982405834, "y": 90.73931721807683, "conf": 0.08598561584949493}, "r_wrist": {"x": 486.60641651562406, "y": 312.3351792588148, "conf": 0.8775801658630371}, "l_hip": {"x": 586.0191475156302, "y": 323.5325456426147, "conf": 0.7381315231323242}, "r_hip": {"x": 523.7986645160828, "y": 318.64601145835593, "conf": 0.5845137238502502}, "l_knee": {"x": 569.3185428359857, "y": 453.2223664176613, "conf": 0.011270616203546524}, "r_knee": {"x": 508.14356737234607, "y": 461.5330769913206, "conf": 0.8908134698867798}, "l_ankle": {"x": 549.6954468889761, "y": 585.842383565916, "conf": 0.8340635895729065}, "r_ankle": {"x": 498.1375927316287, "y": 601.5248917409021, "conf": 0.8358464241027832}, "neck": {"x": 544, "y": 150, "conf": 0.5409696400165558}}, {"nose": {"x": 745.8117021629994, "y": 280.5094475818904, "conf": 0.13785581290721893}, "l_eye": {"x": 748.5898586888237, "y": 276.5731974481379, "conf": 0.2623620629310608}, "r_eye": {"x": 749.5344643712821, "y": 276.7448731103651, "conf": 0.1173282042145729}, "l_ear": {"x": 747.56129091517, "y": 280.4316204563093, "conf": 0.0684024840593338}, "r_ear": {"x": 746.2050127738675, "y": 279.02053536720643, "conf": 0.05291183665394783}, "l_shoulder": {"x": 751.848577959784, "y": 289.73379785905433, "conf": 0.46147242188453674}, "r_shoulder": {"x": 747.3669427194444, "y": 291.52580525772584, "conf": 0.07465232908725739}, "l_elbow": {"x": 751.2921479252711, "y": 306.13327679786204, "conf": 0.6426889896392822}, "r_elbow": {"x": 744.8416453216638, "y": 305.4453494247881, "conf": 0.3035207986831665}, "l_wrist": {"x": 758.4248957940605, "y": 310.2934269369393, "conf": 0.3901819586753845}, "r_wrist": {"x": 746.7875625347268, "y": 311.1353800399294, "conf": 0.24935945868492126}, "l_hip": {"x": 750.3769942476498, "y": 317.25660165371414, "conf": 0.4472360908985138}, "r_hip": {"x": 745.3379042839625, "y": 317.3055780016599, "conf": 0.34861093759536743}, "l_knee": {"x": 753.288839309991, "y": 326.8638858451261, "conf": 0.27508267760276794}, "r_knee": {"x": 745.5532262043095, "y": 326.6489658011808, "conf": 0.22733384370803833}, "l_ankle": {"x": 751.1535975162047, "y": 337.68093823394565, "conf": 0.12485437840223312}, "r_ankle": {"x": 743.21477541608, "y": 338.1569311853586, "conf": 0.1615990549325943}, "neck": {"x": 749, "y": 290, "conf": 0.26806237548589706}}], "compute_time": "1.833", "metadata": {"width": 1080, "height": 720, "pose_model_name": "PoseNet", "compute_time": "1.833"}}