{"poses": [{"nose": {"x": 575.7140741232723, "y": 121.75667332875415, "conf": 0.999002993106842}, "l_eye": {"x": 584.8601318138955, "y": 109.99532718102908, "conf": 0.9970634579658508}, "r_eye": {"x": 563.0831287780435, "y": 107.69008726418927, "conf": 0.9982787370681763}, "l_ear": {"x": 593.8597453918172, "y": 116.68324109420035, "conf": 0.3399847447872162}, "r_ear": {"x": 539.5243749591866, "y": 114.41886229918502, "conf": 0.9464762806892395}, "l_shoulder": {"x": 591.8364924886797, "y": 188.64630880369063, "conf": 0.6153171062469482}, "r_shoulder": {"x": 519.088400798986, "y": 173.5212765454254, "conf": 0.7670362591743469}, "l_elbow": {"x": 674.004703176877, "y": 220.04779498223292, "conf": 0.6359630227088928}, "r_elbow": {"x": 442.9573061215133, "y": 178.95523219432647, "conf": 0.6640074253082275}, "l_wrist": {"x": 659.9339842285269, "y": 178.06835095197914, "conf": 0.7307296395301819}, "r_wrist": {"x": 501.3372990447344, "y": 144.683485414714, "conf": 0.5109786987304688}, "l_hip": {"x": 570.1892015007425, "y": 351.9094778793695, "conf": 0.16223949193954468}, "r_hip": {"x": 511.9878216803018, "y": 319.6102198416912, "conf": 0.05428391322493553}, "l_knee": {"x": 582.5060956764754, "y": 459.75128237318233, "conf": 0.6639567613601685}, "r_knee": {"x": 498.8260598018251, "y": 459.3230079513317, "conf": 0.8744633793830872}, "l_ankle": {"x": 559.9842956414982, "y": 560.5467535222618, "conf": 0.6864420771598816}, "r_ankle": {"x": 480.89147971260803, "y": 576.7897653778118, "conf": 0.48964250087738037}, "neck": {"x": 555, "y": 181, "conf": 0.6911766827106476}}], "compute_time": "1.828", "metadata": {"width": 1080, "height": 720, "pose_model_name": "PoseNet", "compute_time": "1.828"}}