{"poses": [{"nose": {"x": 520.5100113725617, "y": 156.9179722207925, "conf": 0.0024009759072214365}, "l_eye": {"x": 508.0530443929226, "y": 144.83391411261485, "conf": 0.6610144376754761}, "r_eye": {"x": 502.76584390602926, "y": 155.48455639123586, "conf": 0.3035804331302643}, "l_ear": {"x": 533.5967237929373, "y": 117.15120238834545, "conf": 0.7439733743667603}, "r_ear": {"x": 502.6312926631049, "y": 147.66939626156704, "conf": 0.04551916942000389}, "l_shoulder": {"x": 603.0099651909052, "y": 149.58771429180933, "conf": 0.17635105550289154}, "r_shoulder": {"x": 526.4609006577747, "y": 181.0292101898405, "conf": 0.7619253396987915}, "l_elbow": {"x": 626.5394826215334, "y": 165.6223049507723, "conf": 0.9009780883789062}, "r_elbow": {"x": 493.7853624925142, "y": 213.97192268530307, "conf": 0.9796422719955444}, "l_wrist": {"x": 562.2537457554116, "y": 126.68555811274895, "conf": 0.22156067192554474}, "r_wrist": {"x": 478.12288182979415, "y": 170.3399891000184, "conf": 0.08531610667705536}, "l_hip": {"x": 650.4405344654663, "y": 311.36260922838017, "conf": 0.28970423340797424}, "r_hip": {"x": 590.7551561197386, "y": 317.20662533658225, "conf": 0.37068185210227966}, "l_knee": {"x": 649.5807010263121, "y": 454.1228205750951, "conf": 0.9219086170196533}, "r_knee": {"x": 605.882945989518, "y": 448.5373405477706, "conf": 0.07905241847038269}, "l_ankle": {"x": 645.7339404302563, "y": 581.1562570156568, "conf": 0.6445525884628296}, "r_ankle": {"x": 619.9758260536727, "y": 562.8395704885793, "conf": 0.05152031034231186}, "neck": {"x": 564, "y": 165, "conf": 0.4691381976008415}}], "compute_time": "1.840", "metadata": {"width": 1080, "height": 720, "pose_model_name": "PoseNet", "compute_time": "1.840"}}