{"poses": [{"nose": {"x": 492.0431183835444, "y": 141.38053290886953, "conf": 0.991845428943634}, "l_eye": {"x": 498.54450128729496, "y": 125.50226386145646, "conf": 0.9938888549804688}, "r_eye": {"x": 481.32812350238464, "y": 134.57714922054464, "conf": 0.8503021001815796}, "l_ear": {"x": 529.4079167845086, "y": 115.07307975864278, "conf": 0.8223466277122498}, "r_ear": {"x": 484.4351171936149, "y": 137.88686723219703, "conf": 0.023255178704857826}, "l_shoulder": {"x": 557.5392690553691, "y": 157.272481296661, "conf": 0.9147233963012695}, "r_shoulder": {"x": 520.291379731277, "y": 192.86520070407988, "conf": 0.4331277310848236}, "l_elbow": {"x": 624.8182991077604, "y": 164.62449474572804, "conf": 0.006620308384299278}, "r_elbow": {"x": 490.909771737048, "y": 286.04078046822514, "conf": 0.07608082890510559}, "l_wrist": {"x": 571.7666934032031, "y": 108.16432217453786, "conf": 0.6391132473945618}, "r_wrist": {"x": 443.0632930233005, "y": 241.02868417430355, "conf": 0.6899308562278748}, "l_hip": {"x": 597.9141660194362, "y": 293.3593144727646, "conf": 0.7771175503730774}, "r_hip": {"x": 580.7453085391852, "y": 310.7652562071315, "conf": 0.01780685782432556}, "l_knee": {"x": 511.01778739651894, "y": 341.5316910022836, "conf": 0.620126485824585}, "r_knee": {"x": 529.6131765964647, "y": 352.2459494158233, "conf": 0.12645885348320007}, "l_ankle": {"x": 551.9530590871507, "y": 463.58583945011134, "conf": 0.1034344881772995}, "r_ankle": {"x": 556.2339383469267, "y": 460.83386234701425, "conf": 0.3407869338989258}, "neck": {"x": 539, "y": 175, "conf": 0.6739255636930466}}], "compute_time": "1.908", "metadata": {"width": 1080, "height": 720, "pose_model_name": "PoseNet", "compute_time": "1.908"}}