{"poses": [{"nose": {"x": 621.5274170860439, "y": 121.35971794181326, "conf": 0.9991034865379333}, "l_eye": {"x": 626.9471995894972, "y": 111.1979166710757, "conf": 0.9936671853065491}, "r_eye": {"x": 607.539352370775, "y": 110.41526019325204, "conf": 0.9980316758155823}, "l_ear": {"x": 635.8350767293825, "y": 115.15041928020165, "conf": 0.1004500687122345}, "r_ear": {"x": 583.1972816517057, "y": 114.74816643745328, "conf": 0.9524887204170227}, "l_shoulder": {"x": 630.1112834471803, "y": 182.46742872854543, "conf": 0.4591745138168335}, "r_shoulder": {"x": 558.2630545339736, "y": 149.92883520880287, "conf": 0.8831551671028137}, "l_elbow": {"x": 690.7443444215573, "y": 233.54277770826786, "conf": 0.4537537395954132}, "r_elbow": {"x": 485.1305699059592, "y": 98.88897465932055, "conf": 0.19064179062843323}, "l_wrist": {"x": 775.0058409352226, "y": 239.7953078948509, "conf": 0.6034632921218872}, "r_wrist": {"x": 419.7272637217042, "y": 49.290858254187974, "conf": 0.24821031093597412}, "l_hip": {"x": 602.6615565887479, "y": 339.0884843844812, "conf": 0.0014663704205304384}, "r_hip": {"x": 543.4549512623184, "y": 297.47513050179873, "conf": 0.0406399741768837}, "l_knee": {"x": 634.6808585871743, "y": 473.5157148914099, "conf": 0.009186577051877975}, "r_knee": {"x": 594.0300491560538, "y": 417.78012880174526, "conf": 0.00822893064469099}, "l_ankle": {"x": 634.6730642327614, "y": 555.4020741974597, "conf": 0.000999206444248557}, "r_ankle": {"x": 589.2300428548708, "y": 571.7852167349087, "conf": 0.052282024174928665}, "neck": {"x": 594, "y": 166, "conf": 0.6711648404598236}}], "compute_time": "1.880", "metadata": {"width": 1080, "height": 720, "pose_model_name": "PoseNet", "compute_time": "1.880"}}