{"poses": [{"nose": {"x": 585.1546456229431, "y": 386.4875123636402, "conf": 0.001553043839521706}, "l_eye": {"x": 591.4284717136749, "y": 370.19090739764715, "conf": 0.0007994986954145133}, "r_eye": {"x": 560.7675440291433, "y": 371.3741071280428, "conf": 0.011975003406405449}, "l_ear": {"x": 600.2965670796276, "y": 382.67468176007105, "conf": 0.010493249632418156}, "r_ear": {"x": 544.5392544294003, "y": 397.6347126742507, "conf": 0.0015112076653167605}, "l_shoulder": {"x": 636.5636578477217, "y": 405.09405614929625, "conf": 0.01803724467754364}, "r_shoulder": {"x": 548.2860423512027, "y": 412.35619617731993, "conf": 0.06130020320415497}, "l_elbow": {"x": 646.9530360140982, "y": 467.70377541382004, "conf": 0.7573972940444946}, "r_elbow": {"x": 488.9504015834556, "y": 469.76713468892893, "conf": 0.9267799854278564}, "l_wrist": {"x": 596.1723457044901, "y": 392.2936582102359, "conf": 0.35508254170417786}, "r_wrist": {"x": 496.3272531301422, "y": 397.0633731371156, "conf": 0.7420729398727417}, "l_hip": {"x": 661.4585666709821, "y": 536.7309712107073, "conf": 0.008171940222382545}, "r_hip": {"x": 568.7633141111461, "y": 504.1643461737983, "conf": 0.003409052500501275}, "l_knee": {"x": 645.7664804200869, "y": 512.045112853242, "conf": 0.0017461550887674093}, "r_knee": {"x": 561.0195010950491, "y": 493.49373022494797, "conf": 0.012007062323391438}, "l_ankle": {"x": 671.7862964854103, "y": 580.2554838204351, "conf": 0.5551726222038269}, "r_ankle": {"x": 602.320278093066, "y": 595.1679128681241, "conf": 0.8665420413017273}, "neck": {"x": 592, "y": 408, "conf": 0.039668723940849304}}], "compute_time": "2.971", "metadata": {"width": 1080, "height": 720, "pose_model_name": "PoseNet", "compute_time": "2.971"}}