{"poses": [{"nose": {"x": 607.5239738791431, "y": 96.81934367271138, "conf": 0.9911493062973022}, "l_eye": {"x": 611.3983329211233, "y": 86.28050318703407, "conf": 0.3755481243133545}, "r_eye": {"x": 601.0911751148974, "y": 83.9390839088641, "conf": 0.9908197522163391}, "l_ear": {"x": 606.6602960570549, "y": 87.57829462440269, "conf": 0.010921137407422066}, "r_ear": {"x": 564.1973052242595, "y": 79.10686822936208, "conf": 0.9962350726127625}, "l_shoulder": {"x": 594.0597704116807, "y": 146.11412799639444, "conf": 0.0014571775682270527}, "r_shoulder": {"x": 519.6521303615943, "y": 154.52340315185208, "conf": 0.9272879958152771}, "l_elbow": {"x": 690.1174865875528, "y": 129.51605017737444, "conf": 0.832522988319397}, "r_elbow": {"x": 503.4420089508369, "y": 243.9707311347189, "conf": 0.9445086121559143}, "l_wrist": {"x": 772.3177309205125, "y": 109.0837736037171, "conf": 0.5164636969566345}, "r_wrist": {"x": 556.4750459498595, "y": 303.66910534989654, "conf": 0.970416784286499}, "l_hip": {"x": 611.9699413989707, "y": 317.5343409523719, "conf": 0.6073443293571472}, "r_hip": {"x": 542.858250236689, "y": 314.5122150310035, "conf": 0.7496190071105957}, "l_knee": {"x": 598.3143898003143, "y": 452.6043645088947, "conf": 0.9433892965316772}, "r_knee": {"x": 543.3080113634036, "y": 457.3845829216353, "conf": 0.947036623954773}, "l_ankle": {"x": 600.3113681938975, "y": 572.9276605783323, "conf": 0.8510127663612366}, "r_ankle": {"x": 542.7090459434316, "y": 571.9601446778698, "conf": 0.8589819073677063}, "neck": {"x": 557, "y": 150, "conf": 0.4643725866917521}}], "compute_time": "2.073", "metadata": {"width": 1080, "height": 720, "pose_model_name": "PoseNet", "compute_time": "2.073"}}