{"poses": [{"nose": {"x": 638.5119388043491, "y": 245.76180737160777, "conf": 0.9919245839118958}, "l_eye": {"x": 649.8127568112503, "y": 238.31449828762948, "conf": 0.7902701497077942}, "r_eye": {"x": 629.8489616657125, "y": 227.38673169140014, "conf": 0.9885940551757812}, "l_ear": {"x": 648.7985246023727, "y": 241.90919156544086, "conf": 0.04063641279935837}, "r_ear": {"x": 607.197046306571, "y": 206.79897038516654, "conf": 0.9063096046447754}, "l_shoulder": {"x": 625.9744936755519, "y": 292.0848185080265, "conf": 0.27865687012672424}, "r_shoulder": {"x": 555.0940130541286, "y": 226.5451923851828, "conf": 0.01574057526886463}, "l_elbow": {"x": 668.0660463246028, "y": 347.7300840475688, "conf": 0.531593382358551}, "r_elbow": {"x": 483.43528342269224, "y": 216.55731920726421, "conf": 0.08623641729354858}, "l_wrist": {"x": 723.2133528326342, "y": 403.53411755184857, "conf": 0.7425063252449036}, "r_wrist": {"x": 434.53456356052135, "y": 260.22436123449825, "conf": 0.23229527473449707}, "l_hip": {"x": 521.1465163999701, "y": 359.4261853010413, "conf": 0.07081877440214157}, "r_hip": {"x": 448.6067329115214, "y": 323.34405383190733, "conf": 0.16091382503509521}, "l_knee": {"x": 552.8035916153337, "y": 447.23761274149945, "conf": 0.7281185388565063}, "r_knee": {"x": 441.08415957377093, "y": 449.9942475582128, "conf": 0.9637385606765747}, "l_ankle": {"x": 537.5346845749484, "y": 572.221375675704, "conf": 0.8550391793251038}, "r_ankle": {"x": 426.2341818049591, "y": 579.2099493717188, "conf": 0.8096329569816589}, "neck": {"x": 590, "y": 259, "conf": 0.14719872269779444}}], "compute_time": "2.094", "metadata": {"width": 1080, "height": 720, "pose_model_name": "PoseNet", "compute_time": "2.094"}}