{"poses": [{"nose": {"x": 617.5202084565318, "y": 127.32894923915148, "conf": 0.9992420673370361}, "l_eye": {"x": 627.8542264287759, "y": 116.57048028318958, "conf": 0.9900863766670227}, "r_eye": {"x": 606.5422355850944, "y": 112.05706668462237, "conf": 0.9965362548828125}, "l_ear": {"x": 633.6619358471588, "y": 123.19590707427089, "conf": 0.1091117113828659}, "r_ear": {"x": 577.2415732093093, "y": 113.96722050215764, "conf": 0.9841219186782837}, "l_shoulder": {"x": 604.7533549355883, "y": 197.65862204330804, "conf": 0.7523393034934998}, "r_shoulder": {"x": 562.1353813564233, "y": 155.23168513579773, "conf": 0.6907002925872803}, "l_elbow": {"x": 651.1172610493542, "y": 258.8607118265308, "conf": 0.06217446178197861}, "r_elbow": {"x": 521.344827045821, "y": 211.4915426891819, "conf": 0.018795762211084366}, "l_wrist": {"x": 662.6287315631735, "y": 185.69291124066103, "conf": 0.650792121887207}, "r_wrist": {"x": 560.4539813266551, "y": 232.8044842681673, "conf": 0.6648150086402893}, "l_hip": {"x": 530.5730834989379, "y": 311.1183367555912, "conf": 0.00707651861011982}, "r_hip": {"x": 511.39814421270677, "y": 282.0796153879364, "conf": 0.7281243205070496}, "l_knee": {"x": 595.5054116182424, "y": 351.4753160198915, "conf": 0.012277038767933846}, "r_knee": {"x": 605.0920993061901, "y": 332.6968334848772, "conf": 0.5675921440124512}, "l_ankle": {"x": 526.9147648593586, "y": 420.20860992093026, "conf": 0.02981044538319111}, "r_ankle": {"x": 526.7394955538192, "y": 420.0048852462874, "conf": 0.04825654253363609}, "neck": {"x": 583, "y": 176, "conf": 0.72151979804039}}], "compute_time": "1.857", "metadata": {"width": 1080, "height": 720, "pose_model_name": "PoseNet", "compute_time": "1.857"}}