{"poses": [{"nose": {"x": 517.2164510014117, "y": 160.93436226600087, "conf": 0.9927088022232056}, "l_eye": {"x": 521.9695488715549, "y": 145.8928652907542, "conf": 0.9925300478935242}, "r_eye": {"x": 511.66271023070374, "y": 151.56330198586897, "conf": 0.781520426273346}, "l_ear": {"x": 555.6080363292285, "y": 130.06645226445508, "conf": 0.9938735961914062}, "r_ear": {"x": 509.44811000628437, "y": 150.0589340569738, "conf": 0.010761705227196217}, "l_shoulder": {"x": 617.9359124780034, "y": 161.89231703251642, "conf": 0.24046915769577026}, "r_shoulder": {"x": 555.8402149808373, "y": 200.12332276067852, "conf": 0.09382516890764236}, "l_elbow": {"x": 676.9071374201708, "y": 185.56233335963233, "conf": 0.6650640368461609}, "r_elbow": {"x": 498.6011298038308, "y": 275.57363063055664, "conf": 0.8740589022636414}, "l_wrist": {"x": 689.7861818898424, "y": 266.3427146033341, "conf": 0.16826975345611572}, "r_wrist": {"x": 434.0169838712466, "y": 334.37779144837356, "conf": 0.17752106487751007}, "l_hip": {"x": 680.2649376221271, "y": 315.96042945216334, "conf": 0.46539536118507385}, "r_hip": {"x": 612.1781273634768, "y": 334.0317163983264, "conf": 0.5996114015579224}, "l_knee": {"x": 697.0113144560829, "y": 450.0728929919112, "conf": 0.9002747535705566}, "r_knee": {"x": 579.368358740491, "y": 452.9268507620167, "conf": 0.8867185115814209}, "l_ankle": {"x": 704.1401581884207, "y": 560.5839714230182, "conf": 0.47324880957603455}, "r_ankle": {"x": 562.2760402967411, "y": 580.0204429679374, "conf": 0.014820825308561325}, "neck": {"x": 587, "y": 181, "conf": 0.16714716330170631}}], "compute_time": "2.109", "metadata": {"width": 1080, "height": 720, "pose_model_name": "PoseNet", "compute_time": "2.109"}}