{"poses": [{"nose": {"x": 565.4436604107859, "y": 107.37407700198699, "conf": 0.9990395903587341}, "l_eye": {"x": 576.3306128367684, "y": 94.78884683733344, "conf": 0.990387499332428}, "r_eye": {"x": 557.0085402326059, "y": 99.8170660603559, "conf": 0.9068807363510132}, "l_ear": {"x": 605.683467150401, "y": 91.28724795274033, "conf": 0.9752606749534607}, "r_ear": {"x": 548.9537837098718, "y": 103.19518577374632, "conf": 0.035576023161411285}, "l_shoulder": {"x": 607.9808156776961, "y": 136.18581964966327, "conf": 0.37261706590652466}, "r_shoulder": {"x": 580.4300717783108, "y": 149.5208630184856, "conf": 0.05712895467877388}, "l_elbow": {"x": 592.9624078613735, "y": 165.14061265117417, "conf": 0.8152169585227966}, "r_elbow": {"x": 561.3946235990924, "y": 189.30172694043546, "conf": 0.13127842545509338}, "l_wrist": {"x": 546.7728073177, "y": 178.00989941981894, "conf": 0.6213834285736084}, "r_wrist": {"x": 547.0427234352801, "y": 196.71973002271085, "conf": 0.4278944432735443}, "l_hip": {"x": 600.8642835697057, "y": 275.86090511158005, "conf": 0.1408303678035736}, "r_hip": {"x": 590.810376049088, "y": 293.01106996575936, "conf": 0.08385737240314484}, "l_knee": {"x": 578.3378779543746, "y": 437.79370184910283, "conf": 0.00989483017474413}, "r_knee": {"x": 612.367247966329, "y": 448.1939223206159, "conf": 0.015843354165554047}, "l_ankle": {"x": 572.5577699815905, "y": 592.4918491400562, "conf": 0.5446298718452454}, "r_ankle": {"x": 669.9847005753459, "y": 567.6555773223157, "conf": 0.7599465250968933}, "neck": {"x": 594, "y": 143, "conf": 0.21487301029264927}}], "compute_time": "1.849", "metadata": {"width": 1080, "height": 720, "pose_model_name": "PoseNet", "compute_time": "1.849"}}