{"poses": [{"nose": {"x": 473.72129086568214, "y": 272.696468337399, "conf": 0.9976232647895813}, "l_eye": {"x": 485.58297626570015, "y": 255.88748642211152, "conf": 0.9993376135826111}, "r_eye": {"x": 456.459036237818, "y": 259.75100534468186, "conf": 0.9954211115837097}, "l_ear": {"x": 509.61260928023336, "y": 261.5444719841014, "conf": 0.9683877825737}, "r_ear": {"x": 446.37900035179115, "y": 278.5759557335122, "conf": 0.4457801878452301}, "l_shoulder": {"x": 553.6277202879949, "y": 312.4289173226747, "conf": 0.5463445782661438}, "r_shoulder": {"x": 477.0923587482662, "y": 369.54641630513987, "conf": 0.3852980136871338}, "l_elbow": {"x": 634.1170579922721, "y": 365.06084690808257, "conf": 0.8305529356002808}, "r_elbow": {"x": 501.7530443417281, "y": 458.4363533686666, "conf": 0.2800244987010956}, "l_wrist": {"x": 592.996054131187, "y": 434.68171203020705, "conf": 0.22814761102199554}, "r_wrist": {"x": 503.51292029786975, "y": 539.6431900426518, "conf": 0.337446928024292}, "l_hip": {"x": 642.6298925394448, "y": 467.9116137712243, "conf": 0.32389992475509644}, "r_hip": {"x": 568.9696523661049, "y": 495.71133617554557, "conf": 0.08449046313762665}, "l_knee": {"x": 572.5645012513345, "y": 471.0915643530646, "conf": 0.5552403330802917}, "r_knee": {"x": 540.5412699191901, "y": 544.0989832144008, "conf": 0.007778622675687075}, "l_ankle": {"x": 584.6566650874128, "y": 607.6424035880502, "conf": 0.02997281402349472}, "r_ankle": {"x": 536.5126378538446, "y": 602.6584730002817, "conf": 0.08214908093214035}, "neck": {"x": 515, "y": 341, "conf": 0.4658212959766388}}, {"nose": {"x": 864.0892104178195, "y": 124.6968132050788, "conf": 0.11800547689199448}, "l_eye": {"x": 866.5062373215532, "y": 122.78479164747854, "conf": 0.10822659730911255}, "r_eye": {"x": 863.1926139269825, "y": 122.70644834732711, "conf": 0.11160042881965637}, "l_ear": {"x": 859.6337750551306, "y": 120.25927804214118, "conf": 0.03840450942516327}, "r_ear": {"x": 858.3416649924186, "y": 121.5546728866937, "conf": 0.09495566040277481}, "l_shoulder": {"x": 855.9883103810619, "y": 125.79621647002793, "conf": 0.41599419713020325}, "r_shoulder": {"x": 852.5535140521928, "y": 126.67046191126893, "conf": 0.2544684410095215}, "l_elbow": {"x": 856.7888385740708, "y": 135.91539655412947, "conf": 0.26857107877731323}, "r_elbow": {"x": 854.173473667454, "y": 135.50071933233127, "conf": 0.3413572311401367}, "l_wrist": {"x": 867.72405888361, "y": 137.19898081024212, "conf": 0.278560996055603}, "r_wrist": {"x": 859.6392810178047, "y": 137.16685418117063, "conf": 0.206980898976326}, "l_hip": {"x": 851.233153774265, "y": 145.560371726958, "conf": 0.2834851145744324}, "r_hip": {"x": 846.2318193945836, "y": 141.6866491902387, "conf": 0.18679530918598175}, "l_knee": {"x": 852.5087680265599, "y": 170.378486961333, "conf": 0.6691111922264099}, "r_knee": {"x": 851.6501944507268, "y": 169.6402811375802, "conf": 0.4576164782047272}, "l_ankle": {"x": 857.141810521164, "y": 183.876837678822, "conf": 0.23138679563999176}, "r_ankle": {"x": 856.3330924966461, "y": 185.2171554247979, "conf": 0.33566081523895264}, "neck": {"x": 854, "y": 126, "conf": 0.33523131906986237}}], "compute_time": "1.839", "metadata": {"width": 1080, "height": 720, "pose_model_name": "PoseNet", "compute_time": "1.839"}}