{"poses": [{"nose": {"x": 534.9181476354821, "y": 132.59863399764868, "conf": 0.9982196688652039}, "l_eye": {"x": 545.4302112920642, "y": 122.50155656579133, "conf": 0.997731626033783}, "r_eye": {"x": 526.6746646671348, "y": 124.90161713217896, "conf": 0.9830900430679321}, "l_ear": {"x": 573.710703783133, "y": 122.48317903685339, "conf": 0.9545677900314331}, "r_ear": {"x": 523.1862471154774, "y": 129.12486389837383, "conf": 0.0549229197204113}, "l_shoulder": {"x": 605.468977459768, "y": 158.03592824737507, "conf": 0.8039385080337524}, "r_shoulder": {"x": 553.9660528632712, "y": 195.77098354387218, "conf": 0.808223307132721}, "l_elbow": {"x": 684.7096115922883, "y": 149.69672902777853, "conf": 0.4409501850605011}, "r_elbow": {"x": 520.7690603890823, "y": 276.11505632757644, "conf": 0.0021464445162564516}, "l_wrist": {"x": 659.3065434977592, "y": 94.19666806140323, "conf": 0.6050559878349304}, "r_wrist": {"x": 458.92494247877363, "y": 233.4184282067414, "conf": 0.05921703949570656}, "l_hip": {"x": 611.833806957803, "y": 312.5575190741212, "conf": 0.009518245235085487}, "r_hip": {"x": 587.9089544959304, "y": 329.7505873681437, "conf": 0.03167751431465149}, "l_knee": {"x": 582.9207913273423, "y": 445.29151842432117, "conf": 0.005769251845777035}, "r_knee": {"x": 560.1429971444306, "y": 453.30285060422267, "conf": 0.01692119427025318}, "l_ankle": {"x": 612.6365437512073, "y": 579.432082050551, "conf": 0.3439684510231018}, "r_ankle": {"x": 609.2609059244032, "y": 575.8739574077887, "conf": 0.12152913957834244}, "neck": {"x": 579, "y": 177, "conf": 0.8060809075832367}}], "compute_time": "2.198", "metadata": {"width": 1080, "height": 720, "pose_model_name": "PoseNet", "compute_time": "2.198"}}