{"poses": [{"nose": {"x": 600.4012379641857, "y": 93.85844824548899, "conf": 0.9996492862701416}, "l_eye": {"x": 608.6427809829925, "y": 80.69281822765419, "conf": 0.9489445090293884}, "r_eye": {"x": 585.8508782506766, "y": 79.791190773042, "conf": 0.98124760389328}, "l_ear": {"x": 611.9552107470566, "y": 83.5113504227256, "conf": 0.042636193335056305}, "r_ear": {"x": 556.530208285457, "y": 80.82467749776853, "conf": 0.9921470284461975}, "l_shoulder": {"x": 584.1778575118634, "y": 134.42681099604636, "conf": 0.5421128869056702}, "r_shoulder": {"x": 556.4992046089563, "y": 127.55696459385294, "conf": 0.7920737266540527}, "l_elbow": {"x": 614.6956193680421, "y": 160.82353437161808, "conf": 0.16357633471488953}, "r_elbow": {"x": 529.7247236950421, "y": 148.2414767282515, "conf": 0.0844578668475151}, "l_wrist": {"x": 654.2469324003505, "y": 129.44462428311203, "conf": 0.6571449637413025}, "r_wrist": {"x": 524.5662414038836, "y": 151.15089278942008, "conf": 0.6879338622093201}, "l_hip": {"x": 574.970045400799, "y": 307.9719303781877, "conf": 0.042268507182598114}, "r_hip": {"x": 555.3876826347642, "y": 300.0110447390235, "conf": 0.022540854290127754}, "l_knee": {"x": 580.1697688978182, "y": 451.3387116049927, "conf": 0.6030473113059998}, "r_knee": {"x": 591.1571691465066, "y": 453.14462309902154, "conf": 0.26961836218833923}, "l_ankle": {"x": 550.730349495382, "y": 589.0011567050971, "conf": 0.7263618111610413}, "r_ankle": {"x": 593.4633487157474, "y": 594.0290201057508, "conf": 0.7755333781242371}, "neck": {"x": 570, "y": 131, "conf": 0.6670933067798615}}], "compute_time": "1.857", "metadata": {"width": 1080, "height": 720, "pose_model_name": "PoseNet", "compute_time": "1.857"}}