{"poses": [{"nose": {"x": 577.6038112711484, "y": 95.02772507158298, "conf": 0.9988844990730286}, "l_eye": {"x": 589.5747980933709, "y": 85.68209019844807, "conf": 0.9904142022132874}, "r_eye": {"x": 564.9733631519769, "y": 82.11351421107531, "conf": 0.9986153841018677}, "l_ear": {"x": 597.7755671356286, "y": 97.60864268394185, "conf": 0.1463533341884613}, "r_ear": {"x": 542.9433853206297, "y": 89.49371560106, "conf": 0.9796484112739563}, "l_shoulder": {"x": 600.08741824958, "y": 171.9701493431229, "conf": 0.7336577773094177}, "r_shoulder": {"x": 519.8832550475448, "y": 148.81318482545808, "conf": 0.7090859413146973}, "l_elbow": {"x": 666.4299935752392, "y": 217.31570488536903, "conf": 0.8956774473190308}, "r_elbow": {"x": 445.0590422702302, "y": 183.19010550701339, "conf": 0.008660300634801388}, "l_wrist": {"x": 660.9315521652634, "y": 173.95118829777437, "conf": 0.7102442383766174}, "r_wrist": {"x": 498.2423144906676, "y": 144.4732814159208, "conf": 0.6230303645133972}, "l_hip": {"x": 586.3973066502382, "y": 334.88242268396976, "conf": 0.7020308971405029}, "r_hip": {"x": 530.8408100940529, "y": 322.9939727148302, "conf": 0.4365662932395935}, "l_knee": {"x": 573.0333916627683, "y": 455.9126949442574, "conf": 0.08330095559358597}, "r_knee": {"x": 522.4994027492385, "y": 451.5897719638523, "conf": 0.9602932333946228}, "l_ankle": {"x": 556.7282607193206, "y": 563.3340181094102, "conf": 0.433963805437088}, "r_ankle": {"x": 521.8761850803229, "y": 572.5764152114169, "conf": 0.8805088400840759}, "neck": {"x": 560, "y": 160, "conf": 0.7213718593120575}}], "compute_time": "2.009", "metadata": {"width": 1080, "height": 720, "pose_model_name": "PoseNet", "compute_time": "2.009"}}