{"poses": [{"nose": {"x": 524.7983091875202, "y": 93.96657967534377, "conf": 0.9983881711959839}, "l_eye": {"x": 540.3801446792019, "y": 80.20767508201229, "conf": 0.9627593755722046}, "r_eye": {"x": 521.4452331130569, "y": 80.94568948309234, "conf": 0.8955965042114258}, "l_ear": {"x": 568.6460493928566, "y": 82.62753384784587, "conf": 0.8611056804656982}, "r_ear": {"x": 515.3813387974333, "y": 87.53300078202881, "conf": 0.09139057993888855}, "l_shoulder": {"x": 605.2778813912283, "y": 150.1884543515442, "conf": 0.9597431421279907}, "r_shoulder": {"x": 513.0909138490191, "y": 159.23354753343474, "conf": 0.9694972634315491}, "l_elbow": {"x": 635.4805967858875, "y": 231.23238509306464, "conf": 0.9786840081214905}, "r_elbow": {"x": 438.8748354169662, "y": 170.5965526226324, "conf": 0.9073199033737183}, "l_wrist": {"x": 624.6088863063503, "y": 313.7933343260364, "conf": 0.5203449130058289}, "r_wrist": {"x": 466.9277944324845, "y": 109.26982906092883, "conf": 0.7542241811752319}, "l_hip": {"x": 585.0058166489686, "y": 329.07302729465096, "conf": 0.9102133512496948}, "r_hip": {"x": 519.2162214920883, "y": 329.50501303070956, "conf": 0.6967286467552185}, "l_knee": {"x": 600.4218306101491, "y": 450.3637259347098, "conf": 0.9752089381217957}, "r_knee": {"x": 553.4358620621396, "y": 455.6758527186972, "conf": 0.44134876132011414}, "l_ankle": {"x": 616.8349483984158, "y": 572.7899857731368, "conf": 0.8300891518592834}, "r_ankle": {"x": 569.1868863990122, "y": 563.5659309630586, "conf": 0.4310659170150757}, "neck": {"x": 559, "y": 154, "conf": 0.9646202027797699}}], "compute_time": "1.885", "metadata": {"width": 1080, "height": 720, "pose_model_name": "PoseNet", "compute_time": "1.885"}}