{"poses": [{"nose": {"x": 589.9703903767069, "y": 87.11277182654435, "conf": 0.9976683259010315}, "l_eye": {"x": 600.3629558772988, "y": 76.32199434235423, "conf": 0.9990401864051819}, "r_eye": {"x": 575.8181880282556, "y": 75.83771640814624, "conf": 0.9990876913070679}, "l_ear": {"x": 614.6677075161183, "y": 86.38204529612801, "conf": 0.8618106245994568}, "r_ear": {"x": 559.8377862558782, "y": 88.45188770479369, "conf": 0.9395174980163574}, "l_shoulder": {"x": 641.250662328146, "y": 148.73043880383284, "conf": 0.3246150016784668}, "r_shoulder": {"x": 537.8456212423276, "y": 152.9451251195307, "conf": 0.9313380122184753}, "l_elbow": {"x": 710.7592425030853, "y": 152.92561857776403, "conf": 0.3112795650959015}, "r_elbow": {"x": 456.12032546357136, "y": 163.71918740451088, "conf": 0.01115215104073286}, "l_wrist": {"x": 801.0515704692688, "y": 152.87554059709822, "conf": 0.20611989498138428}, "r_wrist": {"x": 363.99943283308585, "y": 169.4898033935716, "conf": 0.7018563151359558}, "l_hip": {"x": 620.4499200605835, "y": 324.4948978926702, "conf": 0.12746602296829224}, "r_hip": {"x": 572.5607552577264, "y": 314.90380629752445, "conf": 0.191017746925354}, "l_knee": {"x": 623.8460186676565, "y": 468.36083230959065, "conf": 0.8533423542976379}, "r_knee": {"x": 560.5861162717166, "y": 460.9735532805592, "conf": 0.021531039848923683}, "l_ankle": {"x": 619.9016875367462, "y": 593.6674167246825, "conf": 0.7282665371894836}, "r_ankle": {"x": 567.5747691329572, "y": 593.421070030096, "conf": 0.6630481481552124}, "neck": {"x": 589, "y": 151, "conf": 0.6279765069484711}}], "compute_time": "2.175", "metadata": {"width": 1080, "height": 720, "pose_model_name": "PoseNet", "compute_time": "2.175"}}