{"poses": [{"nose": {"x": 535.098172745078, "y": 80.71212525175943, "conf": 0.9989420771598816}, "l_eye": {"x": 546.455151619249, "y": 68.4322736531124, "conf": 0.999377429485321}, "r_eye": {"x": 521.9774041793553, "y": 68.32097089241017, "conf": 0.9959535598754883}, "l_ear": {"x": 562.568912203914, "y": 80.64704511433467, "conf": 0.829089879989624}, "r_ear": {"x": 505.70463708484715, "y": 81.78348771411403, "conf": 0.7806278467178345}, "l_shoulder": {"x": 588.779500372923, "y": 154.59615995748365, "conf": 0.9683253169059753}, "r_shoulder": {"x": 485.74738074993263, "y": 157.68543523822842, "conf": 0.8000553846359253}, "l_elbow": {"x": 614.0321815824908, "y": 234.88536014636247, "conf": 0.972077488899231}, "r_elbow": {"x": 469.8867598228774, "y": 241.42418198711167, "conf": 0.9828881025314331}, "l_wrist": {"x": 618.9187685707852, "y": 320.6335292609819, "conf": 0.9074030518531799}, "r_wrist": {"x": 460.9071562341297, "y": 319.50833440984337, "conf": 0.5221524238586426}, "l_hip": {"x": 574.7652525781807, "y": 315.6835846497513, "conf": 0.20284265279769897}, "r_hip": {"x": 508.9622923112426, "y": 317.7696791766586, "conf": 0.28004488348960876}, "l_knee": {"x": 572.3168389994967, "y": 466.9179815326749, "conf": 0.17633073031902313}, "r_knee": {"x": 509.98556769905196, "y": 469.52238699268867, "conf": 0.02546166442334652}, "l_ankle": {"x": 576.4955891789616, "y": 590.6729397132228, "conf": 0.8778411746025085}, "r_ankle": {"x": 512.8174241591255, "y": 594.3890109174625, "conf": 0.868783712387085}, "neck": {"x": 537, "y": 156, "conf": 0.8841903507709503}}], "compute_time": "2.305", "metadata": {"width": 1080, "height": 720, "pose_model_name": "PoseNet", "compute_time": "2.305"}}