{"poses": [{"nose": {"x": 580.8614962543156, "y": 100.4575810849088, "conf": 0.9982628226280212}, "l_eye": {"x": 591.18567517397, "y": 88.57869713051805, "conf": 0.9988248944282532}, "r_eye": {"x": 568.2991900626233, "y": 88.09845383388821, "conf": 0.9953141212463379}, "l_ear": {"x": 607.5821027729073, "y": 95.78646264360616, "conf": 0.8075562715530396}, "r_ear": {"x": 548.3474905648635, "y": 99.64042888435014, "conf": 0.8900608420372009}, "l_shoulder": {"x": 630.9467909653833, "y": 153.28722695867827, "conf": 0.83854079246521}, "r_shoulder": {"x": 525.7278238671579, "y": 157.2302464076451, "conf": 0.6010639071464539}, "l_elbow": {"x": 713.0619760461756, "y": 122.43475291004789, "conf": 0.45524072647094727}, "r_elbow": {"x": 447.71318217026, "y": 116.10033572298809, "conf": 0.13286231458187103}, "l_wrist": {"x": 785.277382165388, "y": 77.9917471749442, "conf": 0.5086223483085632}, "r_wrist": {"x": 377.5217882318132, "y": 64.12736178436491, "conf": 0.7861360907554626}, "l_hip": {"x": 612.2720877299881, "y": 339.07941609249036, "conf": 0.021705204620957375}, "r_hip": {"x": 539.7729913475129, "y": 346.66531566773307, "conf": 0.03143901750445366}, "l_knee": {"x": 645.9016054407637, "y": 473.69622028155067, "conf": 0.34629347920417786}, "r_knee": {"x": 505.9977825623412, "y": 473.23958578122966, "conf": 0.28689125180244446}, "l_ankle": {"x": 683.5582961751719, "y": 591.0971987826152, "conf": 0.5402154922485352}, "r_ankle": {"x": 466.4913206642627, "y": 591.2909428124289, "conf": 0.4990355670452118}, "neck": {"x": 578, "y": 155, "conf": 0.7198023498058319}}], "compute_time": "2.046", "metadata": {"width": 1080, "height": 720, "pose_model_name": "PoseNet", "compute_time": "2.046"}}